
INSERT INTO `clickmed_db`.`medicos` (`id`, `crm`, `diasAtendimento`, `experienciaProfissional`, `horaFimAtendimento`, `horaInicioAtendimento`, `nome`, `sexo`, `sobrenome`, `telefone1`) VALUES ('1', '34478', 'Segunda a Sexta', '2 anos ', '18:00', '09:00', 'Maria', '', 'Souza de Almeida', '11921436587');
INSERT INTO `clickmed_db`.`medicos` (`id`, `crm`, `diasAtendimento`, `experienciaProfissional`, `horaFimAtendimento`, `horaInicioAtendimento`, `nome`, `sobrenome`, `telefone1`) VALUES ('2', '54890', 'Segunsa a Sexta',  '5 anos', '12:00', '08:00', 'Maria', 'Olivera', '1187900965');
INSERT INTO `clickmed_db`.`medicos` (`id`, `crm`, `diasAtendimento`, `experienciaProfissional`, `horaFimAtendimento`, `horaInicioAtendimento`, `nome`, `sobrenome`, `telefone1`) VALUES ('3', '90258', 'Segunda a Sexta', '7 anos', '22:00', '14:00', 'Maria', 'Sabino Andrade', '1176540987');
INSERT INTO `clickmed_db`.`medicos` (`id`, `crm`, `diasAtendimento`, `experienciaProfissional`, `horaFimAtendimento`, `horaInicioAtendimento`, `nome`, `sobrenome`, `telefone1`) VALUES ('4', '87437', 'Segunda a Sexta', '1 ano', '22:00', '14:00', 'Roger', 'De Queiroz Almeida', '1165298700');
INSERT INTO `clickmed_db`.`medicos` (`id`, `crm`, `diasAtendimento`, `experienciaProfissional`, `horaFimAtendimento`, `horaInicioAtendimento`, `nome`, `sobrenome`, `telefone1`) VALUES ('5', '32900', 'Segunda a Sexta', '2 anos', '06:00', '22:00', 'Lucas', 'Silveira da Silva', '1198006778');
INSERT INTO `clickmed_db`.`medicos` (`id`, `crm`, `diasAtendimento`, `experienciaProfissional`, `horaFimAtendimento`, `horaInicioAtendimento`, `nome`, `sobrenome`, `telefone1`) VALUES ('6', '76542', 'Segunda a Sexta', '4 anos', '14:00', '06:00', 'Lucas', 'Goes Santana', '1154679832');
INSERT INTO `clickmed_db`.`medicos` (`id`, `crm`, `diasAtendimento`, `experienciaProfissional`, `horaFimAtendimento`, `horaInicioAtendimento`, `nome`, `sobrenome`, `telefone1`) VALUES ('7', '86743', 'Segunda a Sexta', '3 anos', '14:00', '06:00', 'Gabriel', 'Goes Santana', '1134689090');
INSERT INTO `clickmed_db`.`medicos` (`id`, `crm`, `diasAtendimento`, `experienciaProfissional`, `horaFimAtendimento`, `horaInicioAtendimento`, `nome`, `sobrenome`, `telefone1`) VALUES ('8', '100198', 'Segunda a Sexta', '20 anos', '22:00', '14:00', 'Tadeu', 'Lima', '11900875994');
INSERT INTO `clickmed_db`.`medicos` (`id`, `crm`, `diasAtendimento`, `experienciaProfissional`, `horaFimAtendimento`, `horaInicioAtendimento`, `nome`, `sobrenome`, `telefone1`) VALUES ('9', '12435', 'Segunda a Sexta', '3 anos', '14:00', '06:00', 'Lucas', 'Alves ', '1121432467');
INSERT INTO `clickmed_db`.`medicos` (`id`, `crm`, `diasAtendimento`, `experienciaProfissional`, `horaFimAtendimento`, `horaInicioAtendimento`, `nome`, `sobrenome`, `telefone1`) VALUES ('10', '988657', 'Segunda a Sexta', '30 anos', '16:00', '08:00', 'Andre', 'Lima', '1156347865');
INSERT INTO `clickmed_db`.`medicos` (`id`, `crm`, `diasAtendimento`, `experienciaProfissional`, `horaFimAtendimento`, `horaInicioAtendimento`, `nome`, `sobrenome`, `telefone1`) VALUES ('11', '25632', 'Segunda a Sexta', '5 anos', '22:00', '14:00', 'Aluizia', 'Oliveira Andradee', '1154769200');
INSERT INTO `clickmed_db`.`medicos` (`id`, `crm`, `diasAtendimento`, `experienciaProfissional`, `horaFimAtendimento`, `horaInicioAtendimento`, `nome`, `sobrenome`, `telefone1`) VALUES ('12', '68321', 'Segunda a Sexta', '4 anos', '16:00', '08:00', 'Roberta', 'Santini', '1189006545');
INSERT INTO `clickmed_db`.`medicos` (`id`, `crm`, `diasAtendimento`, `experienciaProfissional`, `horaFimAtendimento`, `horaInicioAtendimento`, `nome`, `sobrenome`, `telefone1`) VALUES ('13', '78456', 'Segunda a Sexta', '3 anos', '16:00', '08:00', 'Alice', 'Leite', '1156009843');
INSERT INTO `clickmed_db`.`medicos` (`id`, `crm`, `diasAtendimento`, `experienciaProfissional`, `horaFimAtendimento`, `horaInicioAtendimento`, `nome`, `sobrenome`, `telefone1`) VALUES ('14', '87621', 'Segunda a Sexta', '3 anos', '18:00', '12:00', 'Valmir', 'Lopes', '1130034661');
INSERT INTO `clickmed_db`.`medicos` (`id`, `crm`, `diasAtendimento`, `experienciaProfissional`, `horaFimAtendimento`, `horaInicioAtendimento`, `nome`, `sobrenome`, `telefone1`) VALUES ('15', '543789', 'Segunda a Sexta', '1 ano', '18:00', '12:00', 'Jennifer', 'Perry', '1170055478');
INSERT INTO `clickmed_db`.`medicos` (`id`, `crm`, `diasAtendimento`, `experienciaProfissional`, `horaFimAtendimento`, `horaInicioAtendimento`, `nome`, `sobrenome`, `telefone1`) VALUES ('16', '45678', 'Segunda a Sexta', '5 anos', '16:00', '08:00', 'Andre', 'do Soccorro', '1178980023');
INSERT INTO `clickmed_db`.`medicos` (`id`, `crm`, `diasAtendimento`, `experienciaProfissional`, `horaFimAtendimento`, `horaInicioAtendimento`, `nome`, `sobrenome`, `telefone1`) VALUES ('17', '93210', 'Segunda a Sexta', '6 anos', '06:00', '22:00', 'Lidia', 'Yoko', '11931120779');
INSERT INTO `clickmed_db`.`medicos` (`id`, `crm`, `diasAtendimento`, `experienciaProfissional`, `horaFimAtendimento`, `horaInicioAtendimento`, `nome`, `sobrenome`, `telefone1`) VALUES ('18', '911145', 'Segunda a Sexta', '1 ano', '22:00', '14:00', 'Larissa', 'Mendes', '1187091234');
INSERT INTO `clickmed_db`.`medicos` (`id`, `crm`, `diasAtendimento`, `experienciaProfissional`, `horaFimAtendimento`, `horaInicioAtendimento`, `nome`, `sobrenome`, `telefone1`) VALUES ('19', '32165', 'Segunda a Sexta', '7 anos', '14:00', '06:00', 'Danilo', 'Fonseca', '11976678729');
INSERT INTO `clickmed_db`.`medicos` (`id`, `crm`, `diasAtendimento`, `experienciaProfissional`, `horaFimAtendimento`, `horaInicioAtendimento`, `nome`, `sobrenome`, `telefone1`) VALUES ('20', '91190', 'Segunda a Sexta', '10 anos', '14:00', '06:00', 'Alice', 'Marquezine', '11942095643');
INSERT INTO `clickmed_db`.`medicos` (`id`, `crm`, `diasAtendimento`, `experienciaProfissional`, `horaFimAtendimento`, `horaInicioAtendimento`, `nome`, `sobrenome`, `telefone1`) VALUES ('21', '12219', 'Segunda a Sexta', '15 anos', '22:00', '14:00', 'Paulo', 'Bueno', '11987433210');
INSERT INTO `clickmed_db`.`medicos` (`id`, `crm`, `diasAtendimento`, `experienciaProfissional`, `horaFimAtendimento`, `horaInicioAtendimento`, `nome`, `sobrenome`, `telefone1`) VALUES ('22', '55587', 'Segunda a Sexta', '19 anos', '14:00', '06:00', 'Teresa', 'Marques', '11987656850');
INSERT INTO `clickmed_db`.`medicos` (`id`, `crm`, `diasAtendimento`, `experienciaProfissional`, `horaFimAtendimento`, `horaInicioAtendimento`, `nome`, `sobrenome`, `telefone1`) VALUES ('23', '124000', 'Sabado', '3 anos', '16:00', '08:00', 'Bruna', 'Lopes', '1198765001');
INSERT INTO `clickmed_db`.`medicos` (`id`, `crm`, `diasAtendimento`, `experienciaProfissional`, `horaFimAtendimento`, `horaInicioAtendimento`, `nome`, `sobrenome`, `telefone1`) VALUES ('24', '24321', 'Sabado', '2 anos', '16:00', '08:00', 'Rafael', 'Oliveira', '11980913214');
INSERT INTO `clickmed_db`.`medicos` (`id`, `crm`, `diasAtendimento`, `experienciaProfissional`, `horaFimAtendimento`, `horaInicioAtendimento`, `nome`, `sobrenome`, `telefone1`) VALUES ('25', '777890', 'Segunda a Sexta', '6 anos', '18:00', '10:00', 'Lucas', 'Dalagnoli', '11990017659');
INSERT INTO `clickmed_db`.`medicos` (`id`, `crm`, `diasAtendimento`, `experienciaProfissional`, `horaFimAtendimento`, `horaInicioAtendimento`, `nome`, `sobrenome`, `telefone1`) VALUES ('26', '876541', 'Sabado', '20 anos', '16:00', '08:00', 'Larissa', 'Aguiar', '119976584321');
INSERT INTO `clickmed_db`.`medicos` (`id`, `crm`, `diasAtendimento`, `experienciaProfissional`, `horaFimAtendimento`, `horaInicioAtendimento`, `nome`, `sobrenome`, `telefone1`) VALUES ('27', '890432', 'Segunda a Sexta', '9 anos', '18:00', '10:00', 'Gabriel', 'Carvalho', '11900925780');
INSERT INTO `clickmed_db`.`medicos` (`id`, `crm`, `diasAtendimento`, `experienciaProfissional`, `horaFimAtendimento`, `horaInicioAtendimento`, `nome`, `sobrenome`, `telefone1`) VALUES ('28', '200198', 'Segunda a Sexta ', '2 anos', '18:00', '10:00', 'Bruna', 'Costa', '11900783168');
INSERT INTO `clickmed_db`.`medicos` (`id`, `crm`, `diasAtendimento`, `experienciaProfissional`, `horaFimAtendimento`, `horaInicioAtendimento`, `nome`, `sobrenome`, `telefone1`) VALUES ('29', '578901', 'Segunda a Sexta', '2 anos', '18:00', '10:00', 'Larissa', 'Carvalho', '11999682508');
INSERT INTO `clickmed_db`.`medicos` (`id`, `crm`, `diasAtendimento`, `experienciaProfissional`, `horaFimAtendimento`, `horaInicioAtendimento`, `nome`, `sobrenome`, `telefone1`) VALUES ('30', '087021', 'Segunda a Sexta', '5 anos', '18:00', '10:00', 'Gabriel', 'Souza', '11950248951');
INSERT INTO `clickmed_db`.`medicos` (`id`, `crm`, `diasAtendimento`, `experienciaProfissional`, `horaFimAtendimento`, `horaInicioAtendimento`, `nome`, `sobrenome`, `telefone1`) VALUES ('31', '870990', 'Segunda a Sexta', '3 anos', '22:00', '14:00', 'Tadeu', 'Paiva', '1195630909');
INSERT INTO `clickmed_db`.`medicos` (`id`, `crm`, `diasAtendimento`, `experienciaProfissional`, `horaFimAtendimento`, `horaInicioAtendimento`, `nome`, `sobrenome`, `telefone1`) VALUES ('32', '432109', 'Sabado', '5 anos', '22:00', '14:00', 'Amanda', 'Paiva', '11920914573');
INSERT INTO `clickmed_db`.`medicos` (`id`, `crm`, `diasAtendimento`, `experienciaProfissional`, `horaFimAtendimento`, `horaInicioAtendimento`, `nome`, `sobrenome`, `telefone1`) VALUES ('33', '766109', 'Sabado', '7 anos', '06:00', '22:00', 'Amanda', 'Nogueira', '11980813456');
INSERT INTO `clickmed_db`.`medicos` (`id`, `crm`, `diasAtendimento`, `experienciaProfissional`, `horaFimAtendimento`, `horaInicioAtendimento`, `nome`, `sobrenome`, `telefone1`) VALUES ('34', '876100', 'Segunda a Sexta','5 anos', '22:00', '14:00', 'Rafael', 'Paiva', '11995581763');
INSERT INTO `clickmed_db`.`medicos` (`id`, `crm`, `diasAtendimento`, `experienciaProfissional`, `horaFimAtendimento`, `horaInicioAtendimento`, `nome`, `sobrenome`, `telefone1`) VALUES ('35', '657821', 'Segunda a Sexta', '13 anos', '14:00', '06:00', 'Marcia', 'Nobrega', '11999557200');

INSERT INTO `clickmed_db`.`clinicas` (`id`, `bairro`, `cep`, `cidade`, `cnpj`, `estado`, `nomeFantasia`, `numero`, `razaoSocial`, `rua`) VALUES ('1', 'Butantã', '05508-000', 'São Paulo', '', 'SP', 'USP', '2565', 'USP', 'Prof. Lineu Prestes');
INSERT INTO `clickmed_db`.`clinicas` (`id`, `bairro`, `cidade`, `estado`, `nomeFantasia`, `numero`, `razaoSocial`, `rua`, `telefone1`) VALUES ('2', 'Consolação', 'São Paulo', 'SP', 'Dsdermatologia', '968', 'Dsdermatologia', 'Bela Cintra', '1132565153');
INSERT INTO `clickmed_db`.`clinicas` (`id`, `bairro`, `cep`, `cidade`, `estado`, `nomeFantasia`, `numero`, `razaoSocial`, `rua`, `telefone1`) VALUES ('3', 'Higienópolis', '01228-200', 'São Paulo', 'SP', 'SkinLaser', '2510', 'SkinLaser', 'Angélica', '1131555555');
INSERT INTO `clickmed_db`.`clinicas` (`id`, `bairro`, `cep`, `cidade`, `estado`, `nomeFantasia`, `numero`, `razaoSocial`, `rua`, `telefone1`) VALUES ('4', 'Butantã', '05503-001', 'São Paulo', 'SP', 'Odontolife', '687', 'Odontolife', 'Vital Brasil', '1130318042');
INSERT INTO `clickmed_db`.`clinicas` (`id`, `bairro`, `cep`, `cidade`, `estado`, `nomeFantasia`, `numero`, `razaoSocial`, `rua`, `telefone1`) VALUES ('5', 'Vila Pirajussara', '05576-100', 'São Paulo', 'SP', 'Odontologia Lian', '198', 'Odontologia Lian', 'Caxingui', '1137267688');
INSERT INTO `clickmed_db`.`clinicas` (`id`, `bairro`, `cep`, `cidade`, `estado`, `nomeFantasia`, `numero`, `razaoSocial`, `rua`, `telefone1`) VALUES ('6', 'Jardim Guedalai', '05605-050', 'São Paulo', 'SP', 'São Luiz Unidade Morumbi', '840', 'São Luiz Unidade Morumbi', 'Engenheiro Oscar Americano', '1130931100');

Insert into clickmed_db.medicos_has_clinicas (medico_id, clinica_id) values(1,1);
Insert into clickmed_db.medicos_has_clinicas (medico_id, clinica_id) values(2,6);
Insert into clickmed_db.medicos_has_clinicas (medico_id, clinica_id) values(3,6);
Insert into clickmed_db.medicos_has_clinicas (medico_id, clinica_id) values(4,1);
Insert into clickmed_db.medicos_has_clinicas (medico_id, clinica_id) values(5,6);
Insert into clickmed_db.medicos_has_clinicas (medico_id, clinica_id) values(6,1);
Insert into clickmed_db.medicos_has_clinicas (medico_id, clinica_id) values(7,1);
Insert into clickmed_db.medicos_has_clinicas (medico_id, clinica_id) values(8,1);
Insert into clickmed_db.medicos_has_clinicas (medico_id, clinica_id) values(9,6);
Insert into clickmed_db.medicos_has_clinicas (medico_id, clinica_id) values(10,1);
Insert into clickmed_db.medicos_has_clinicas (medico_id, clinica_id) values(11,6);
Insert into clickmed_db.medicos_has_clinicas (medico_id, clinica_id) values(12,3);
Insert into clickmed_db.medicos_has_clinicas (medico_id, clinica_id) values(13,2);
Insert into clickmed_db.medicos_has_clinicas (medico_id, clinica_id) values(14,3);
Insert into clickmed_db.medicos_has_clinicas (medico_id, clinica_id) values(15,3);
Insert into clickmed_db.medicos_has_clinicas (medico_id, clinica_id) values(16,2);
Insert into clickmed_db.medicos_has_clinicas (medico_id, clinica_id) values(17,1);
Insert into clickmed_db.medicos_has_clinicas (medico_id, clinica_id) values(18,6);
Insert into clickmed_db.medicos_has_clinicas (medico_id, clinica_id) values(19,6);
Insert into clickmed_db.medicos_has_clinicas (medico_id, clinica_id) values(20,1);
Insert into clickmed_db.medicos_has_clinicas (medico_id, clinica_id) values(21,1);
Insert into clickmed_db.medicos_has_clinicas (medico_id, clinica_id) values(22,6);
Insert into clickmed_db.medicos_has_clinicas (medico_id, clinica_id) values(23,1);
Insert into clickmed_db.medicos_has_clinicas (medico_id, clinica_id) values(24,6);
Insert into clickmed_db.medicos_has_clinicas (medico_id, clinica_id) values(25,4);
Insert into clickmed_db.medicos_has_clinicas (medico_id, clinica_id) values(26,5);
Insert into clickmed_db.medicos_has_clinicas (medico_id, clinica_id) values(27,5);
Insert into clickmed_db.medicos_has_clinicas (medico_id, clinica_id) values(28,4);
Insert into clickmed_db.medicos_has_clinicas (medico_id, clinica_id) values(29,4);
Insert into clickmed_db.medicos_has_clinicas (medico_id, clinica_id) values(30,5);
Insert into clickmed_db.medicos_has_clinicas (medico_id, clinica_id) values(31,6);
Insert into clickmed_db.medicos_has_clinicas (medico_id, clinica_id) values(32,1);
Insert into clickmed_db.medicos_has_clinicas (medico_id, clinica_id) values(33,1);
Insert into clickmed_db.medicos_has_clinicas (medico_id, clinica_id) values(34,6);
Insert into clickmed_db.medicos_has_clinicas (medico_id, clinica_id) values(35,1);

insert into clickmed_db.especialidades (id, nome, outros)
values (1, 'Acupuntura', 'Acupunturas Acupunturista Acupunturistas');
insert into clickmed_db.especialidades (id, nome, outros)
values (2, 'Alergias', '');
insert into clickmed_db.especialidades (id, nome, outros)
values (3, 'Cancerologia', 'Cancerologias cancerologista cancerologistas');
insert into clickmed_db.especialidades (id, nome, outros)
values (4, 'Cardiologia', 'Cardiologia Cardiologista Cardiologistas');
insert into clickmed_db.especialidades (id, nome, outros)
values (5, 'Cirurgias', 'Cirurgião Cirurgiã');
insert into clickmed_db.especialidades (id, nome, outros)
values (6, 'Clínico Geral', '');
insert into clickmed_db.especialidades (id, nome, outros)
values (7, 'Dentista', '');
insert into clickmed_db.especialidades (id, nome, outros)
values (8, 'Dermatologia', 'Dermatologista');
insert into clickmed_db.especialidades (id, nome, outros)
values (9, 'Endoscopia', '');
insert into clickmed_db.especialidades (id, nome, outros)
values (10, 'Gastroenterologia', 'Gastroenterologista');
insert into clickmed_db.especialidades (id, nome, outros)
values (11, 'Ginecologia', 'Ginecologista');
insert into clickmed_db.especialidades (id, nome, outros)
values (12, 'Infectologia', 'Infectologista');
insert into clickmed_db.especialidades (id, nome, outros)
values (13, 'Medicina Esportiva', '');
insert into clickmed_db.especialidades (id, nome, outros)
values (14, 'Medicina Intensiva', '');
insert into clickmed_db.especialidades (id, nome, outros)
values (15, 'Medicina Nuclear', '');
insert into clickmed_db.especialidades (id, nome, outros)
values (16, 'Neurocirurgia', 'Neurocirurgião Neurocirurgiã');
insert into clickmed_db.especialidades (id, nome, outros)
values (17, 'Neurologia', 'Neurologista');
insert into clickmed_db.especialidades (id, nome, outros)
values (18, 'Ortopedia', 'Ortopedista');
insert into clickmed_db.especialidades (id, nome, outros)
values (19, 'Otorrinolaringologia', 'Otorrinolaringologista');
insert into clickmed_db.especialidades (id, nome, outros)
values (20, 'Patologia', '');
insert into clickmed_db.especialidades (id, nome, outros)
values (21, 'Psicologia', 'Psicologo Psicologa');
insert into clickmed_db.especialidades (id, nome, outros)
values (22, 'Psiquiatria', 'Psiquiatra');
insert into clickmed_db.especialidades (id, nome, outros)
values (23, 'Radiologia', 'Radiologista');
insert into clickmed_db.especialidades (id, nome, outros)
values (24, 'Traumatologia', 'Traumatologista');

INSERT INTO `clickmed_db`.`medicos_has_especialidades` (`medico_id`, `especialidades_id`) VALUES ('1', '6');
INSERT INTO `clickmed_db`.`medicos_has_especialidades` (`medico_id`, `especialidades_id`) VALUES ('2', '6');
INSERT INTO `clickmed_db`.`medicos_has_especialidades` (`medico_id`, `especialidades_id`) VALUES ('3', '9');
INSERT INTO `clickmed_db`.`medicos_has_especialidades` (`medico_id`, `especialidades_id`) VALUES ('4', '9');
INSERT INTO `clickmed_db`.`medicos_has_especialidades` (`medico_id`, `especialidades_id`) VALUES ('5', '6');
INSERT INTO `clickmed_db`.`medicos_has_especialidades` (`medico_id`, `especialidades_id`) VALUES ('6', '6');
INSERT INTO `clickmed_db`.`medicos_has_especialidades` (`medico_id`, `especialidades_id`) VALUES ('7', '18');
INSERT INTO `clickmed_db`.`medicos_has_especialidades` (`medico_id`, `especialidades_id`) VALUES ('8', '18');
INSERT INTO `clickmed_db`.`medicos_has_especialidades` (`medico_id`, `especialidades_id`) VALUES ('9', '18');
INSERT INTO `clickmed_db`.`medicos_has_especialidades` (`medico_id`, `especialidades_id`) VALUES ('10', '24');
INSERT INTO `clickmed_db`.`medicos_has_especialidades` (`medico_id`, `especialidades_id`) VALUES ('11', '24');
INSERT INTO `clickmed_db`.`medicos_has_especialidades` (`medico_id`, `especialidades_id`) VALUES ('12', '8');
INSERT INTO `clickmed_db`.`medicos_has_especialidades` (`medico_id`, `especialidades_id`) VALUES ('13', '8');
INSERT INTO `clickmed_db`.`medicos_has_especialidades` (`medico_id`, `especialidades_id`) VALUES ('14', '8');
INSERT INTO `clickmed_db`.`medicos_has_especialidades` (`medico_id`, `especialidades_id`) VALUES ('15', '8');
INSERT INTO `clickmed_db`.`medicos_has_especialidades` (`medico_id`, `especialidades_id`) VALUES ('16', '8');
INSERT INTO `clickmed_db`.`medicos_has_especialidades` (`medico_id`, `especialidades_id`) VALUES ('17', '21');
INSERT INTO `clickmed_db`.`medicos_has_especialidades` (`medico_id`, `especialidades_id`) VALUES ('18', '21');
INSERT INTO `clickmed_db`.`medicos_has_especialidades` (`medico_id`, `especialidades_id`) VALUES ('19', '21');
INSERT INTO `clickmed_db`.`medicos_has_especialidades` (`medico_id`, `especialidades_id`) VALUES ('20', '21');
INSERT INTO `clickmed_db`.`medicos_has_especialidades` (`medico_id`, `especialidades_id`) VALUES ('21', '21');
INSERT INTO `clickmed_db`.`medicos_has_especialidades` (`medico_id`, `especialidades_id`) VALUES ('22', '21');
INSERT INTO `clickmed_db`.`medicos_has_especialidades` (`medico_id`, `especialidades_id`) VALUES ('23', '21');
INSERT INTO `clickmed_db`.`medicos_has_especialidades` (`medico_id`, `especialidades_id`) VALUES ('24', '21');
INSERT INTO `clickmed_db`.`medicos_has_especialidades` (`medico_id`, `especialidades_id`) VALUES ('25', '7');
INSERT INTO `clickmed_db`.`medicos_has_especialidades` (`medico_id`, `especialidades_id`) VALUES ('26', '7');
INSERT INTO `clickmed_db`.`medicos_has_especialidades` (`medico_id`, `especialidades_id`) VALUES ('27', '7');
INSERT INTO `clickmed_db`.`medicos_has_especialidades` (`medico_id`, `especialidades_id`) VALUES ('28', '7');
INSERT INTO `clickmed_db`.`medicos_has_especialidades` (`medico_id`, `especialidades_id`) VALUES ('29', '7');
INSERT INTO `clickmed_db`.`medicos_has_especialidades` (`medico_id`, `especialidades_id`) VALUES ('30', '7');
INSERT INTO `clickmed_db`.`medicos_has_especialidades` (`medico_id`, `especialidades_id`) VALUES ('31', '24');
INSERT INTO `clickmed_db`.`medicos_has_especialidades` (`medico_id`, `especialidades_id`) VALUES ('32', '6');
INSERT INTO `clickmed_db`.`medicos_has_especialidades` (`medico_id`, `especialidades_id`) VALUES ('33', '6');
INSERT INTO `clickmed_db`.`medicos_has_especialidades` (`medico_id`, `especialidades_id`) VALUES ('34', '18');
INSERT INTO `clickmed_db`.`medicos_has_especialidades` (`medico_id`, `especialidades_id`) VALUES ('35', '18');
